{
  "Walk": 0.08061617523082593,
  "HBP": 0.010835819539307295,
  "Single": 0.14221350577758932,
  "Double": 0.04254062485802123,
  "Triple": 0.00367756558788044,
  "HR": 0.03024589460505924,
  "Strikeout": 0.22404375722514172,
  "Out": 0.46582665717617483
}